"","public_date","FFI30_desc","Shillers Cyclically Adjusted P/E Ratio","Enterprise Value Multiple","P/E (Diluted, Excl. EI)","P/E (Diluted, Incl. EI)","Net Profit Margin","Total Debt/Equity","Quick Ratio (Acid Test)","Sales/Working Capital","Return on Assets","Return on Equity"
"1",1990-01-31,"AUTOS",2.232,1.318,4.66,9.72,-1.62,2.202,2.131,9.172,0.123,0.009
"2",1990-02-28,"AUTOS",37.642,5.297,6.979,10.225,-1.722,1.53,2.481,178.514,0.101,-1.224
"3",1990-03-31,"AUTOS",52.87,8.335,6.211,11.156,-1.722,1.537,2.481,178.975,0.093,1.858
"4",1990-04-30,"AUTOS",58.201,8.719,5.925,11.355,-1.723,1.536,2.482,178.936,0.092,1.857
"5",1990-05-31,"AUTOS",23.196,5.164,8.142,11.227,-1.733,1.317,2.455,6.56,0.078,2.696
"6",1990-06-30,"AUTOS",14.572,5.286,12.246,14.027,-0.539,1.302,1.577,6.852,0.086,0.521
"7",1990-07-31,"AUTOS",15.469,5.477,11.071,13.208,-0.542,1.28,1.599,6.86,0.092,0.547
"8",1990-08-31,"AUTOS",15.274,2.748,8.925,12.146,-0.534,1.541,1.563,8.046,0.085,0.591
"9",1990-09-30,"AUTOS",10.817,3.099,4.968,7.809,-0.154,1.467,1.484,7.811,0.087,-0.16
"10",1990-10-31,"AUTOS",10.268,3.218,4.032,7.513,-0.153,1.424,1.502,6.423,0.091,-0.15
"11",1990-11-30,"AUTOS",9.322,3.422,0.288,5.007,-4.629,1.124,1.537,6.152,0.084,-0.14
"12",1990-12-31,"AUTOS",7.716,3.857,0.267,4.631,-4.623,0.962,1.491,6.219,0.072,-0.132
"13",1991-01-31,"AUTOS",9.144,3.859,0.315,4.656,-4.624,0.962,1.482,6.172,0.072,-0.132
"14",1991-02-28,"AUTOS",11.134,-0.727,10.545,10.523,-4.559,2.579,1.422,6.848,0.067,0.023
"15",1991-03-31,"AUTOS",11.982,-0.846,11.767,11.763,-4.556,2.808,1.426,8.275,0.062,-0.024
"16",1991-04-30,"AUTOS",11.957,-0.737,12.516,12.586,-4.563,2.803,1.454,6.952,0.087,0.017
"17",1991-05-31,"AUTOS",8.726,10.028,5.946,5.028,-4.572,1.814,1.516,6.356,0.077,-0.005
"18",1991-06-30,"AUTOS",10.242,16.869,8.193,7.739,-4.501,1.746,1.507,6.666,0.077,-0.012
"19",1991-07-31,"AUTOS",12.447,13.31,10.132,9.354,-4.569,1.713,1.523,6.632,0.078,0.002
"20",1991-08-31,"AUTOS",13.405,21.028,19.529,16.606,-0.155,1.757,1.353,7.096,0.068,-0.035
"21",1991-09-30,"AUTOS",11.635,7.755,20.138,16.912,-0.156,2.086,1.343,7.191,0.066,-0.046
"22",1991-10-31,"AUTOS",10.856,7.752,21.632,18.66,-0.157,2.086,1.344,7.211,0.066,-0.046
"23",1991-11-30,"AUTOS",11.51,6.504,17.243,22.075,-0.132,2.106,1.451,7.592,0.075,-0.046
"24",1991-12-31,"AUTOS",44.738,8.807,15.619,20.724,-0.13,2.044,1.443,9.541,0.078,-0.051
"25",1992-01-31,"AUTOS",62.878,8.34,17.547,22.954,-0.123,2.041,1.463,9.363,0.046,-0.037
"26",1992-02-29,"AUTOS",89.772,4.858,13.29,14.195,-0.12,14.035,1.352,9.006,0.078,-0.048
"27",1992-03-31,"AUTOS",21.781,23.986,13.476,15.185,-0.12,14.135,1.354,20.715,0.077,-0.053
"28",1992-04-30,"AUTOS",21.28,21.828,13.558,15.113,-0.119,14.266,1.356,20.489,0.082,-0.032
"29",1992-05-31,"AUTOS",19.205,18.129,12.623,4.716,-0.11,1.909,1.391,20.144,0.102,-216.43
"30",1992-06-30,"AUTOS",15.56,10.037,9.948,2.488,-0.111,2.988,1.386,7.539,0.102,-216.44
"31",1992-07-31,"AUTOS",15.452,13.417,9.848,2.26,-0.109,2.983,1.382,7.671,0.104,-213.14
"32",1992-08-31,"AUTOS",12.948,28.043,11.534,7.52,-0.099,3.054,1.474,7.452,0.109,-21.035
"33",1992-09-30,"AUTOS",11.041,18.164,13.248,10.179,-0.1,1.962,1.479,8.053,0.109,-21.023
"34",1992-10-31,"AUTOS",12.289,18.151,12.826,10.817,-0.094,1.794,1.491,7.639,0.121,-21.315
"35",1992-11-30,"AUTOS",18.724,3.729,11.414,0.979,-0.032,2.166,1.445,6.331,0.12,-8.563
"36",1992-12-31,"AUTOS",22.494,6.717,11.829,0.625,-0.031,2.13,1.47,6.434,0.122,-8.563
"37",1993-01-31,"AUTOS",24.458,6.488,18.685,2.297,-0.03,2.14,1.478,6.885,0.125,-8.441
"38",1993-02-28,"AUTOS",8.352,8.594,14.749,25.208,-0.018,1.934,1.497,7.901,0.135,0.076
"39",1993-03-31,"AUTOS",17.506,8.226,15.369,25.95,-0.017,1.826,1.487,7.837,0.134,0.078
"40",1993-04-30,"AUTOS",9.37,7.903,13.137,26.78,-0.018,1.623,1.467,8.207,0.132,0.079
"41",1993-05-31,"AUTOS",19.518,7.523,14.232,16.503,-0.016,2.642,1.456,13.551,0.131,-0.051
"42",1993-06-30,"AUTOS",197.233,6.334,14.539,15.87,-0.016,2.559,1.462,13.552,0.131,-0.049
"43",1993-07-31,"AUTOS",236.655,6.335,14.756,16.104,-0.016,2.556,1.462,13.559,0.131,-0.049
"44",1993-08-31,"AUTOS",241.404,6.269,11.414,11.663,-0.021,1.874,1.458,6.94,0.135,0.037
"45",1993-09-30,"AUTOS",16.417,8.093,11.899,14.088,-0.02,1.857,1.443,7.862,0.135,0.004
"46",1993-10-31,"AUTOS",16.246,7.951,11.164,13.633,-0.019,1.833,1.424,25.278,0.136,0.007
"47",1993-11-30,"AUTOS",30.722,54.532,11.816,11.628,-0.013,1.505,1.391,9.485,0.137,0.043
"48",1993-12-31,"AUTOS",31.091,55.073,17.775,16.87,-0.014,-3.731,1.368,8.649,0.139,0.071
"49",1994-01-31,"AUTOS",33.51,54.989,18.269,16.354,-0.013,-3.789,1.368,8.655,0.14,0.069
"50",1994-02-28,"AUTOS",39.726,10.865,20.569,20.073,-0.028,1.72,1.408,10.002,0.142,0.154
"51",1994-03-31,"AUTOS",35.372,8.612,15.906,16.805,-0.025,3.156,1.401,10.93,0.148,0.204
"52",1994-04-30,"AUTOS",34.587,8.532,15.943,16.793,-0.024,3.08,1.411,10.825,0.149,0.2
"53",1994-05-31,"AUTOS",-21.784,8.805,14.349,12.415,-0.024,1.257,1.347,10.709,0.157,0.186
"54",1994-06-30,"AUTOS",-10.916,8.524,13.311,11.518,-0.024,1.232,1.346,10.232,0.158,0.192
"55",1994-07-31,"AUTOS",-12.308,8.368,13.593,11.485,-0.022,1.338,1.339,10.258,0.161,0.182
"56",1994-08-31,"AUTOS",28.68,6.727,11.49,9.205,-0.046,1.642,1.395,9.593,0.147,-0.085
"57",1994-09-30,"AUTOS",14.305,9.095,11.101,8.944,-0.042,1.571,1.403,8.605,0.151,-0.071
"58",1994-10-31,"AUTOS",12.76,8.966,11.183,8.729,-0.04,1.776,1.387,8.694,0.152,-0.062
"59",1994-11-30,"AUTOS",-0.705,23.222,12.046,13.453,-1.042,1.564,1.386,8.842,0.143,0.115
"60",1994-12-31,"AUTOS",20.196,21.252,12.321,13.426,-1.042,1.48,1.389,9.205,0.147,0.112
"61",1995-01-31,"AUTOS",21.149,21.206,11.941,14.146,-1.042,1.475,1.392,9.206,0.148,0.112
"62",1995-02-28,"AUTOS",21.41,10.56,11.135,10.631,-0.997,1.589,1.344,9.035,0.146,0.053
"63",1995-03-31,"AUTOS",17.364,10.532,10.007,9.411,-0.936,1.603,1.321,9.104,0.163,0.13
"64",1995-04-30,"AUTOS",12.806,10.516,10.128,9.525,-0.935,1.602,1.316,9.114,0.163,0.132
"65",1995-05-31,"AUTOS",9.761,9.017,12.231,11.263,-0.936,1.913,1.306,12.309,0.146,0.297
"66",1995-06-30,"AUTOS",9.315,9.126,15.951,15.067,-0.957,1.913,1.313,12.357,0.143,0.294
"67",1995-07-31,"AUTOS",15.262,9.03,16.485,15.481,-0.955,1.892,1.448,12.228,0.132,0.279
"68",1995-08-31,"AUTOS",15.559,10.232,14.544,13.725,-0.949,1.588,1.402,9.485,0.133,0.202
"69",1995-09-30,"AUTOS",15.342,10.496,13.159,9.906,-0.971,1.572,1.406,9.307,0.129,0.199
"70",1995-10-31,"AUTOS",13.122,10.461,12.455,9.293,-0.971,1.573,1.409,9.302,0.129,0.198
"71",1995-11-30,"AUTOS",39.12,6.273,14.025,10.249,-0.136,1.507,1.332,11.021,0.137,3.731
"72",1995-12-31,"AUTOS",39.092,6.597,14.479,12.234,-0.132,1.506,1.349,12.514,0.146,3.757
"73",1996-01-31,"AUTOS",20.945,6.594,14.787,12.196,-0.133,1.901,1.348,12.508,0.144,3.787
"74",1996-02-29,"AUTOS",18.852,8.58,23.116,17.01,0.032,1.701,1.276,10.212,0.157,0.136
"75",1996-03-31,"AUTOS",19.591,7.89,20.428,18.099,0.032,1.706,1.262,8.388,0.157,0.133
"76",1996-04-30,"AUTOS",20.278,7.877,22.017,19.516,0.032,1.856,1.265,8.348,0.157,0.141
"77",1996-05-31,"AUTOS",23.667,6.024,13.806,6.352,-0.541,2.758,1.304,7.561,0.118,0.086
"78",1996-06-30,"AUTOS",28.859,5.952,12.805,4.876,-0.54,2.8,1.306,7.472,0.121,0.089
"79",1996-07-31,"AUTOS",27.57,5.897,12.329,6.421,-0.534,2.746,1.308,7.472,0.121,0.102
"80",1996-08-31,"AUTOS",26.429,5.644,17.785,18.787,-0.107,2.027,1.315,9.909,0.123,0.113
"81",1996-09-30,"AUTOS",19.288,5.523,17.872,15.143,-0.11,2.003,1.312,9.838,0.121,0.118
"82",1996-10-31,"AUTOS",19.244,5.556,17.77,14.775,0.029,1.964,1.313,9.964,0.151,0.154
"83",1996-11-30,"AUTOS",18.434,8.205,10.657,4.3,0.021,2.009,1.311,8.609,0.146,0.144
"84",1996-12-31,"AUTOS",17.641,8.963,9.384,2.837,0.021,2.089,1.338,8.713,0.154,0.138
"85",1997-01-31,"AUTOS",17.425,8.904,10.453,3.193,0.022,1.673,1.337,8.626,0.155,0.187
"86",1997-02-28,"AUTOS",11.93,8.259,16.737,13.225,0.02,1.613,1.342,9.636,0.152,0.111
"87",1997-03-31,"AUTOS",13.271,8.476,16.364,16.337,0.019,1.214,1.348,10.211,0.15,0.106
"88",1997-04-30,"AUTOS",13.105,8.473,16.061,16.025,0.019,1.219,1.344,10.155,0.15,0.104
"89",1997-05-31,"AUTOS",-6.602,8.484,18.97,10.344,0.01,1.411,1.286,9.563,0.147,0.092
"90",1997-06-30,"AUTOS",-11.666,7.132,19.012,10.535,0.01,0.257,1.274,9.333,0.148,0.083
"91",1997-07-31,"AUTOS",-11.959,7.13,20.355,11.359,0.01,0.259,1.277,9.314,0.148,0.083
"92",1997-08-31,"AUTOS",25.302,6.521,11.839,10.67,-0.006,0.347,1.242,10.982,0.144,0.053
"93",1997-09-30,"AUTOS",26.031,7.517,14.438,13.501,-0.006,5.083,1.239,11.198,0.143,0.048
"94",1997-10-31,"AUTOS",24.132,7.654,13.509,12.704,-0.006,5.052,1.24,11.247,0.142,0.047
"95",1997-11-30,"AUTOS",24.037,7.692,17.8,16.329,-0.022,3.743,1.22,70.183,0.138,0.019
"96",1997-12-31,"AUTOS",50.066,7.836,17.673,16.329,-0.021,2.15,1.236,9.487,0.141,0.057
"97",1998-01-31,"AUTOS",51.346,7.809,17.929,17.224,-0.021,2.164,1.24,9.433,0.14,0.056
"98",1998-02-28,"AUTOS",37.997,17.792,15.129,14.818,-0.002,2.192,1.312,8.645,0.144,0.061
"99",1998-03-31,"AUTOS",15.696,17.517,15.983,15.84,0.004,1.867,1.33,10.071,0.151,0.078
"100",1998-04-30,"AUTOS",15.396,17.487,17.133,16.662,0.004,1.875,1.326,10.084,0.151,0.079
"101",1998-05-31,"AUTOS",17.663,0.163,19.252,6.459,0.002,2.706,1.308,9.98,0.139,0.024
"102",1998-06-30,"AUTOS",19.717,-0.109,18.778,5.575,0,2.773,1.279,9.004,0.139,0.025
"103",1998-07-31,"AUTOS",18.286,-0.225,18.045,4.438,0,2.791,1.286,9.04,0.14,0.026
"104",1998-08-31,"AUTOS",13.917,-5.846,15.913,8.975,0.006,0.941,1.218,9.532,0.137,0.041
"105",1998-09-30,"AUTOS",12.809,7.961,16.534,10.765,0.007,0.925,1.229,10.745,0.138,0.042
"106",1998-10-31,"AUTOS",14.319,8.05,17.004,9.782,0.017,0.927,1.231,10.789,0.147,0.086
"107",1998-11-30,"AUTOS",12.199,3.505,14.093,13.812,0.026,-10.237,1.236,11.417,0.142,0.058
"108",1998-12-31,"AUTOS",11.525,4.273,14.411,14.008,0.029,-10.685,1.248,11.485,0.148,0.099
"109",1999-01-31,"AUTOS",11.637,4.227,15.521,14.941,0.028,-10.82,1.251,11.502,0.146,0.098
"110",1999-02-28,"AUTOS",36.013,4.374,10.516,17.014,0.026,1.36,1.282,10.496,0.143,0.006
"111",1999-03-31,"AUTOS",34.695,4.142,10.116,17.017,0.025,1.697,1.265,8.704,0.141,0.004
"112",1999-04-30,"AUTOS",37.892,4.085,11.576,18.729,0.025,23.199,1.267,8.754,0.142,0.005
"113",1999-05-31,"AUTOS",82.523,4.073,12.336,14.795,0.022,2.536,1.272,10.48,0.137,0.047
"114",1999-06-30,"AUTOS",92.233,3.951,16.946,20.172,0.022,2.508,1.273,10.587,0.136,0.045
"115",1999-07-31,"AUTOS",86.224,3.953,17.112,20.676,0.022,2.538,1.257,10.675,0.135,0.045
"116",1999-08-31,"AUTOS",21.974,5.527,25.353,10.425,0.021,2.517,1.241,21.988,0.135,-0.254
"117",1999-09-30,"AUTOS",19.359,5.084,27.683,13.312,0.023,2.811,1.248,22.21,0.135,0.111
"118",1999-10-31,"AUTOS",17.189,5.125,24.761,11.633,0.023,2.827,1.251,21.023,0.135,0.112
"119",1999-11-30,"AUTOS",14.254,5.307,16.511,13.562,0.009,2.781,1.222,6.944,0.13,0.099
"120",1999-12-31,"AUTOS",15.203,5.329,7.362,3.773,0.013,2.653,1.228,6.934,0.137,0.123
"121",2000-01-31,"AUTOS",15.185,5.321,7.575,4.055,0.013,2.664,1.224,6.927,0.137,0.123
"122",2000-02-29,"AUTOS",69.594,4.845,3.195,2.981,0.021,3.609,1.21,11.56,0.14,0.136
"123",2000-03-31,"AUTOS",67.804,5.008,6.625,6.571,0.02,3.646,1.165,11.624,0.14,0.135
"124",2000-04-30,"AUTOS",67.525,5.162,5.967,5.987,0.023,3.54,1.184,10.804,0.144,0.154
"125",2000-05-31,"AUTOS",5.504,5.227,3.937,3.372,0.026,3.242,1.168,20.486,0.139,0.145
"126",2000-06-30,"AUTOS",5.85,5.154,5.564,4.997,0.024,3.227,1.169,20.343,0.139,0.138
"127",2000-07-31,"AUTOS",5.297,5.173,4.935,4.386,0.024,3.239,1.172,20.162,0.139,0.137
"128",2000-08-31,"AUTOS",20.228,0.621,6.713,6.178,0.021,3.082,1.146,14.057,0.135,0.136
"129",2000-09-30,"AUTOS",22.283,1.404,13.985,13.461,0.02,3.091,1.16,14.323,0.132,0.13
"130",2000-10-31,"AUTOS",23.316,1.408,11.448,10.874,0.02,2.995,1.157,14.288,0.132,0.129
"131",2000-11-30,"AUTOS",5.081,5.68,10.304,9.423,0.005,9.966,1.164,12.003,0.124,0.011
"132",2000-12-31,"AUTOS",1.697,3.233,4.585,1.447,0.018,10.435,1.205,14.549,0.126,0.039
"133",2001-01-31,"AUTOS",2.781,3.278,4.688,0.412,0.018,10.712,1.199,14.638,0.124,0.036
"134",2001-02-28,"AUTOS",4.123,-19.042,6.487,2.994,0.012,4.391,1.259,21.95,0.118,0.033
"135",2001-03-31,"AUTOS",5.609,-14.058,7.351,6.48,0.01,4.471,1.259,19.501,0.113,0.021
"136",2001-04-30,"AUTOS",3.296,-14.078,5.576,4.628,0.009,2.389,1.258,19.86,0.113,0.019
"137",2001-05-31,"AUTOS",4.002,5.353,1.822,0.406,-0.002,3.034,1.227,11.007,0.095,-0.048
"138",2001-06-30,"AUTOS",10.684,1.261,2.882,1.182,-0.004,3.124,1.2,11.26,0.092,-0.06
"139",2001-07-31,"AUTOS",9.046,1.269,3.838,1.658,-0.005,5.081,1.199,10.971,0.092,-0.063
"140",2001-08-31,"AUTOS",7.684,-33.763,1.968,0.779,-0.011,5.285,1.206,38.942,0.084,-0.142
"141",2001-09-30,"AUTOS",3.067,-33.547,0.787,-0.233,-0.013,7.653,1.207,39.61,0.08,-0.148
"142",2001-10-31,"AUTOS",4.7,-34.087,1.18,0.363,-0.014,7.84,1.223,40.541,0.079,-0.152
"143",2001-11-30,"AUTOS",3.359,-7.219,3.648,13.327,-0.034,4.199,1.17,22.368,0.065,-0.572
"144",2001-12-31,"AUTOS",12.016,-7.114,3.653,14.38,-0.031,0.265,1.172,21.654,0.067,-0.292
"145",2002-01-31,"AUTOS",13.764,-7.028,3.825,13.437,-0.032,0.261,1.164,21.659,0.067,-0.293
"146",2002-02-28,"AUTOS",-53.044,77.449,6.413,9.175,-0.105,3.569,1.191,80.939,0.058,-0.107
"147",2002-03-31,"AUTOS",-57.59,79.157,7.747,11.498,-0.095,3.329,1.219,81.376,0.061,-0.07
"148",2002-04-30,"AUTOS",-89.037,79.321,8.7,12.46,-0.094,3.332,1.22,81.375,0.06,-0.069
"149",2002-05-31,"AUTOS",11.163,17.909,19.171,14.271,-0.088,2.157,1.204,15.527,0.067,-0.155
"150",2002-06-30,"AUTOS",12.099,18.471,21.15,15.445,-0.044,2.251,1.229,15.964,0.083,-0.023
"151",2002-07-31,"AUTOS",11.656,18.424,19.229,12.443,-0.043,2.255,1.226,15.973,0.084,-0.02
"152",2002-08-31,"AUTOS",8.889,19.298,6.504,7.976,-0.036,2.04,1.204,15.254,0.087,-0.006
"153",2002-09-30,"AUTOS",7.486,18.724,5.085,6.642,-0.065,2.004,1.194,15.026,0.066,-0.03
"154",2002-10-31,"AUTOS",6.219,18.458,4.34,4.453,-0.065,2.02,1.187,15.592,0.067,-0.031
"155",2002-11-30,"AUTOS",6.217,17.273,-1.508,15.671,-0.058,7.927,1.191,16.321,0.072,-0.037
"156",2002-12-31,"AUTOS",6.188,22.245,-1.65,15.458,-0.052,7.904,1.209,16.343,0.085,-0.028
"157",2003-01-31,"AUTOS",4.639,22.865,-2.349,13.814,-0.051,8.018,1.219,16.31,0.087,-0.018
"158",2003-02-28,"AUTOS",2.546,10.432,13.339,6.025,-0.028,3.096,1.273,16.378,0.109,0.111
"159",2003-03-31,"AUTOS",3.293,4.122,11.829,5.69,-0.02,3.233,1.283,16.721,0.113,0.104
"160",2003-04-30,"AUTOS",3.423,3.997,12.772,5.621,-0.02,3.275,1.279,16.731,0.113,0.104
"161",2003-05-31,"AUTOS",10.414,11.71,7.164,7.891,-0.021,5.712,1.226,14.638,0.104,0.097
"162",2003-06-30,"AUTOS",11.678,7.533,8.954,9.499,-0.018,5.832,1.267,13.676,0.106,0.09
"163",2003-07-31,"AUTOS",13.772,7.334,9.579,10.256,-0.018,5.754,1.243,13.667,0.082,0.09
"164",2003-08-31,"AUTOS",10.793,4.68,-0.485,2.396,-0.03,-2.781,1.242,11.492,0.074,0.094
"165",2003-09-30,"AUTOS",10.025,19.066,-14.092,-10.801,-0.026,-2.636,1.249,11.686,0.076,0.097
"166",2003-10-31,"AUTOS",11.201,19.112,-18.73,-14.959,-0.026,-2.636,1.251,11.678,0.075,0.096
"167",2003-11-30,"AUTOS",11.105,20.733,5.657,6.321,-0.021,2.987,1.296,14.413,0.072,-0.025
"168",2003-12-31,"AUTOS",12.062,24.612,-6.472,-4.791,-0.018,2.944,1.344,38.186,0.074,-0.007
"169",2004-01-31,"AUTOS",11.839,24.579,-10.403,-8.564,-0.018,2.945,1.34,38.201,0.074,-0.007
"170",2004-02-29,"AUTOS",13.314,21.717,1.827,3.315,-0.023,-14.348,1.437,38.844,0.077,-0.009
"171",2004-03-31,"AUTOS",14.861,10.045,5.986,6.719,-0.022,-14.134,1.462,17.918,0.078,0.009
"172",2004-04-30,"AUTOS",11.362,5.468,2.335,3.126,-0.043,-13.464,1.444,21.634,0.076,0.005
"173",2004-05-31,"AUTOS",2.754,-1.953,-2.547,-11.912,-14.496,5.468,1.388,16.516,0.064,-0.688
"174",2004-06-30,"AUTOS",4.977,-2.554,10.885,2.736,-14.494,5.387,1.445,19.833,0.066,-0.672
"175",2004-07-31,"AUTOS",4.399,-2.575,9.607,2.226,-14.494,5.388,1.444,19.846,0.067,-0.672
"176",2004-08-31,"AUTOS",-4.931,-1.476,9.224,18.622,-0.049,10.21,1.477,19.138,0.102,0.017
"177",2004-09-30,"AUTOS",4.395,-1.512,-4.785,-2.545,-0.049,10.197,1.51,17.559,0.101,0.026
"178",2004-10-31,"AUTOS",3.051,-1.129,-12.1,-10.226,-0.046,9.969,1.496,17.214,0.103,0.033
"179",2004-11-30,"AUTOS",6.115,9.17,-17.997,-10.644,-0.127,0.22,1.525,17.353,0.1,0.051
"180",2004-12-31,"AUTOS",6.476,9.584,-18.262,-10.191,-0.127,0.111,1.517,14.349,0.106,0.058
"181",2005-01-31,"AUTOS",6.483,9.528,-14.065,-6.975,-0.114,0.133,1.514,14.191,0.106,0.057
"182",2005-02-28,"AUTOS",11.803,-54.174,0.241,-5.504,-0.017,-0.953,1.601,25.176,0.108,0.06
"183",2005-03-31,"AUTOS",13.55,-55.28,-0.832,-5.848,-0.014,-0.966,1.597,25.602,0.108,0.061
"184",2005-04-30,"AUTOS",16.148,-56.732,1.147,-4.118,-0.012,-1.119,1.644,26.022,0.114,0.096
"185",2005-05-31,"AUTOS",13.885,1.372,-10.969,-13.697,-0.011,-11.686,1.57,11.994,0.111,0.029
"186",2005-06-30,"AUTOS",13.794,1.797,9.415,6.786,-0.009,-12.26,1.409,11.713,0.109,0.01
"187",2005-07-31,"AUTOS",14.512,1.609,9.613,6.344,-0.009,-12.528,1.43,11.723,0.109,0.01
"188",2005-08-31,"AUTOS",21.466,2.805,5.196,17.255,-0.01,10.694,1.426,17.979,0.107,-0.144
"189",2005-09-30,"AUTOS",21.085,0.369,-5.537,3.037,-0.01,10.63,1.452,17.954,0.105,-0.148
"190",2005-10-31,"AUTOS",20.771,0.151,-1.747,5.366,0.017,11.209,1.474,17.883,0.124,-0.077
"191",2005-11-30,"AUTOS",15.226,8.686,-1.53,5.068,0.017,5.851,1.471,16.738,0.12,0.022
"192",2005-12-31,"AUTOS",13.946,8.495,-1.918,4.929,0.018,5.51,1.458,17.948,0.121,0.022
"193",2006-01-31,"AUTOS",16,4.732,-10.017,-3.161,0.021,5.614,1.412,18.268,0.123,0.024
"194",2006-02-28,"AUTOS",115.764,5.409,11.038,2.573,0.021,3.535,1.393,43.73,0.12,-0.068
"195",2006-03-31,"AUTOS",114.319,11.7,12.278,4.178,0.019,3.383,1.399,42.889,0.121,-0.072
"196",2006-04-30,"AUTOS",124.11,11.712,11.592,2.522,0.019,3.383,1.404,42.883,0.12,-0.073
"197",2006-05-31,"AUTOS",6.197,8.852,-3.807,-16.538,-0.607,-1.824,1.918,39.874,0.072,0.193
"198",2006-06-30,"AUTOS",7.138,4.177,7.284,-3.234,-0.595,-1.738,1.901,38.605,0.075,0.205
"199",2006-07-31,"AUTOS",4.927,4.186,7.425,-2.885,-0.595,-1.738,1.904,38.602,0.075,0.204
"200",2006-08-31,"AUTOS",40.302,4.359,11.177,3.572,-0.979,4.198,1.846,40.877,0.07,0.093
"201",2006-09-30,"AUTOS",40.561,9.039,12.874,16.967,-0.979,4.289,1.853,40.472,0.069,0.095
"202",2006-10-31,"AUTOS",39.128,8.697,12.877,16.191,-0.988,4.259,2.154,40.302,0.06,0.107
"203",2006-11-30,"AUTOS",13.106,7.148,2.155,16.709,-2.366,0.151,1.886,36.969,0.051,-0.011
"204",2006-12-31,"AUTOS",15.937,0.517,-1.974,1.471,-2.367,0.128,1.882,36.744,0.05,-0.028
"205",2007-01-31,"AUTOS",16.833,3.096,-1.649,1.551,-2.415,-0.163,1.933,37.84,0.078,0.095
"206",2007-02-28,"AUTOS",12.447,2.663,12.285,14.189,-2.916,-1.788,1.97,279.462,0.068,0.031
"207",2007-03-31,"AUTOS",10.136,6.854,14.11,15.789,-2.857,-1.602,1.988,274.023,0.068,0.044
"208",2007-04-30,"AUTOS",12.336,6.796,14.496,16.84,-2.911,-1.442,2.009,279.378,0.068,0.044
"209",2007-05-31,"AUTOS",31.954,8.909,3.642,8.686,-1.837,0.801,1.801,36.999,0.065,-0.076
"210",2007-06-30,"AUTOS",41.908,9.914,8.226,9.402,-1.887,0.833,1.793,37.699,0.059,-0.102
"211",2007-07-31,"AUTOS",37.539,9.853,6.98,7.995,-1.854,0.885,1.772,37.129,0.06,-0.105
"212",2007-08-31,"AUTOS",62.637,-96.861,19.027,4.064,-1.73,486.888,1.828,15.298,0.06,-0.106
"213",2007-09-30,"AUTOS",57.01,-97.226,19.549,4.137,-1.734,486.82,1.835,15.116,0.062,-0.095
"214",2007-10-31,"AUTOS",57.299,-97.288,19.584,5.496,-1.73,486.83,1.834,14.938,0.071,-0.072
"215",2007-11-30,"AUTOS",16.336,9.464,-55.605,-37.37,-1.256,-1.432,1.803,8.017,0.071,-0.095
"216",2007-12-31,"AUTOS",23.571,-5.561,-57.395,-36.679,-1.254,-1.428,1.789,8.062,0.073,-0.096
"217",2008-01-31,"AUTOS",23.519,-5.555,-55.107,-33.915,-1.254,-1.427,1.793,8.054,0.073,-0.096
"218",2008-02-29,"AUTOS",31.51,-8.359,-0.797,3.251,-0.976,1.131,1.669,7.559,0.07,-0.013
"219",2008-03-31,"AUTOS",21.935,11.883,-2.706,1.975,-0.965,1.14,1.673,7.661,0.07,-0.01
"220",2008-04-30,"AUTOS",25.126,11.673,-2.529,1.678,-0.948,0.951,1.653,7.727,0.07,-0.011
"221",2008-05-31,"AUTOS",31.066,11.845,-21.107,-4.559,-0.968,2.737,1.738,7.422,0.076,-0.004
"222",2008-06-30,"AUTOS",22.12,8.951,7.447,-1.133,-0.951,3.144,1.727,7.879,0.076,0.003
"223",2008-07-31,"AUTOS",23.448,8.866,9.255,-0.112,-0.934,3.107,1.722,7.786,0.077,0.004
"224",2008-08-31,"AUTOS",9.265,9.791,-3.581,-9.651,-1.236,2.356,1.551,7.664,0.071,-0.034
"225",2008-09-30,"AUTOS",8.01,7.564,-8.103,-10.851,-1.235,2.26,1.538,7.574,0.07,-0.094
"226",2008-10-31,"AUTOS",6.535,8.239,-3.063,-4.414,-1.235,2.258,1.533,7.576,0.069,-0.097
"227",2008-11-30,"AUTOS",1.709,3.944,-11.971,-12.142,-1.663,3.249,1.601,7.753,0.065,-0.148
"228",2008-12-31,"AUTOS",2.978,4.376,-12.122,-12.848,-1.641,3.48,1.607,7.734,0.063,-0.115
"229",2009-01-31,"AUTOS",3.237,3.06,-13.045,-13.718,-1.666,3.475,1.612,7.735,0.061,-0.105
"230",2009-02-28,"AUTOS",9.252,8.908,-3.205,-2.61,-4.649,2.065,1.574,14.838,0.053,-0.233
"231",2009-03-31,"AUTOS",9.815,9.656,0.888,1.91,-4.83,1.65,1.605,14.934,0.056,-0.231
"232",2009-04-30,"AUTOS",13.436,9.827,1.818,3.488,-4.831,1.649,1.609,14.91,0.054,-0.232
"233",2009-05-31,"AUTOS",6.878,6.208,9.838,8.768,-21.158,0.516,1.531,7.871,0.034,-0.379
"234",2009-06-30,"AUTOS",7.585,7.054,-0.033,-1.033,-21.962,0.54,1.571,7.218,0.03,-0.434
"235",2009-07-31,"AUTOS",5.527,7.009,-0.966,-2.161,-22.389,0.844,1.596,7.204,0.029,-0.408
"236",2009-08-31,"AUTOS",-49.319,-0.82,-11.874,-19.512,-2.12,0.047,1.514,7.807,0.019,-0.459
"237",2009-09-30,"AUTOS",-58.062,-0.599,10.255,2.181,-2.099,-0.057,1.535,7.78,0.018,-0.399
"238",2009-10-31,"AUTOS",-47.179,-0.663,10.168,3.502,-2.103,-0.045,1.541,7.785,0.018,-0.407
"239",2009-11-30,"AUTOS",24.173,15.056,9.702,13.203,-0.727,1.198,1.533,10.571,0.019,-0.413
"240",2009-12-31,"AUTOS",25.601,14.908,-3.25,-0.053,-0.81,3.182,1.517,10.537,0.019,-0.484
"241",2010-01-31,"AUTOS",22.542,14.92,-2.114,1.482,-0.809,3.175,1.515,10.537,0.019,-0.482
"242",2010-02-28,"AUTOS",33.935,31.548,22.164,10.517,-0.163,0.208,1.684,7.658,0.037,-0.187
"243",2010-03-31,"AUTOS",35.691,31.7,22.209,10.026,-0.141,-2.204,1.678,7.724,0.037,-0.173
"244",2010-04-30,"AUTOS",36.019,32.315,23.598,10.192,-0.128,-2.253,1.691,7.814,0.051,-0.155
"245",2010-05-31,"AUTOS",7.619,4.417,-8.636,-9.023,-0.115,0.188,1.59,-1727.5,0.072,-0.236
"246",2010-06-30,"AUTOS",7.523,4.026,-7.056,-7.298,-0.146,0.541,1.591,-1727.4,0.074,-0.242
"247",2010-07-31,"AUTOS",7.314,3.088,-4.259,-4.465,-0.144,0.544,1.592,-1727.4,0.075,-0.24
"248",2010-08-31,"AUTOS",11.204,3.586,11.517,5.195,-0.14,-0.224,1.595,5.849,0.075,-0.286
"249",2010-09-30,"AUTOS",10.161,4.629,10.322,2.857,-0.11,-0.183,1.61,5.809,0.078,-0.265
"250",2010-10-31,"AUTOS",11.661,6.603,12.277,4.229,-0.107,-0.185,1.618,5.811,0.079,-0.252
"251",2010-11-30,"AUTOS",-9.624,4.552,-27.858,-0.821,-0.109,-1.298,1.634,7.792,0.084,-0.08
"252",2010-12-31,"AUTOS",-10.647,4.57,-38.955,-8.331,-0.024,-6.239,1.623,10.85,0.085,-0.013
"253",2011-01-31,"AUTOS",-14.215,4.154,-40.474,-8.614,-0.024,-6.042,1.606,10.972,0.086,-0.009
"254",2011-02-28,"AUTOS",17.042,17.442,-1.417,9.549,-0.018,-64.715,1.564,8.049,0.095,0.052
"255",2011-03-31,"AUTOS",9.23,17.298,-0.327,10.731,-0.044,-63.484,1.556,8.093,0.096,0.029
"256",2011-04-30,"AUTOS",9.331,17.139,0.932,12.059,-0.042,-62.347,1.58,7.966,0.095,0.03
"257",2011-05-31,"AUTOS",31.248,0.967,-0.596,8.695,-0.027,-28.824,1.56,11.434,0.092,-0.012
"258",2011-06-30,"AUTOS",32.628,0.969,3.329,12.382,-0.016,-28.863,1.56,11.447,0.094,-0.004
"259",2011-07-31,"AUTOS",34.09,0.824,3.468,11.034,-0.045,-28.369,1.519,11.448,0.067,-0.005
"260",2011-08-31,"AUTOS",164.657,13.618,10.537,10.633,-0.035,9.14,1.488,8.172,0.065,-0.104
"261",2011-09-30,"AUTOS",136.591,13.517,9.147,9.249,-0.036,8.958,1.494,8.143,0.065,-0.107
"262",2011-10-31,"AUTOS",151.637,13.44,11.657,11.75,-0.036,8.957,1.489,8.142,0.065,-0.108
"263",2011-11-30,"AUTOS",-1354.3,8.025,-2.683,-2.767,-0.033,3.892,1.477,11.51,0.069,-0.039
"264",2011-12-31,"AUTOS",-1456.6,7.477,-1.557,-1.651,-0.033,-3.913,1.459,11.719,0.071,-0.042
"265",2012-01-31,"AUTOS",-1448.7,7.61,-0.558,-0.644,-0.033,-3.911,1.453,11.73,0.071,-0.043
"266",2012-02-29,"AUTOS",31.757,6.11,20.645,21.253,-0.041,-5.666,1.537,7.237,0.09,0.08
"267",2012-03-31,"AUTOS",35.328,6.142,20.705,21.376,-0.041,0.426,1.528,7.248,0.09,0.088
"268",2012-04-30,"AUTOS",43.319,6.359,19.808,20.628,-0.042,0.426,1.527,7.263,0.09,0.087
"269",2012-05-31,"AUTOS",-148.91,5.867,0.676,-0.442,-0.064,1.052,1.48,10.067,0.089,0.161
"270",2012-06-30,"AUTOS",-163.43,5.92,0.269,-0.721,-0.064,66.812,1.479,10.066,0.088,0.155
"271",2012-07-31,"AUTOS",-168.2,5.74,0.542,-0.315,-0.064,66.814,1.477,10.07,0.088,0.155
"272",2012-08-31,"AUTOS",-361.65,5.97,10.72,10.38,-0.108,66.863,1.454,9.486,0.088,0.141
"273",2012-09-30,"AUTOS",-352.76,6.121,11.652,-26.432,-0.106,2.65,1.459,9.388,0.091,0.143
"274",2012-10-31,"AUTOS",-337.35,6.111,10.684,-23.066,-0.105,2.649,1.452,9.39,0.091,0.148
"275",2012-11-30,"AUTOS",22.995,7.393,14.596,-21.274,-0.123,2.426,1.432,11.998,0.085,0.125
"276",2012-12-31,"AUTOS",22.326,6.866,14.328,14.844,-0.057,3.17,1.432,12.331,0.098,0.17
"277",2013-01-31,"AUTOS",22.328,6.699,15.495,16.022,-0.057,3.173,1.432,12.346,0.098,0.172
"278",2013-02-28,"AUTOS",12.708,6.307,5.559,6.216,-0.091,2.635,1.465,7.369,0.091,0.062
"279",2013-03-31,"AUTOS",14.064,6.002,5.762,6.53,-0.091,2.587,1.47,7.348,0.091,0.061
"280",2013-04-30,"AUTOS",8.977,5.939,5.113,5.937,-0.094,2.63,1.441,7.44,0.089,0.06
"281",2013-05-31,"AUTOS",4.677,7.152,5.593,6.33,-0.082,0.497,1.432,7.355,0.077,-0.366
"282",2013-06-30,"AUTOS",1.019,7.283,5.927,6.725,-0.083,0.531,1.433,7.342,0.077,-0.366
"283",2013-07-31,"AUTOS",-3.464,7.275,6.312,7.192,-0.083,0.53,1.429,7.351,0.077,-0.365
"284",2013-08-31,"AUTOS",-49.714,6.61,0.492,5.744,-0.026,2.456,1.449,6.989,0.088,0.08
"285",2013-09-30,"AUTOS",-53.376,6.96,0.702,6.59,0.008,2.545,1.484,6.955,0.119,0.079
"286",2013-10-31,"AUTOS",-42.199,6.999,-0.062,7.124,0.007,2.542,1.488,6.945,0.12,0.075
"287",2013-11-30,"AUTOS",-8.939,4.351,19.037,15.304,0.013,2.313,1.487,6.772,0.123,0.067
"288",2013-12-31,"AUTOS",-7.671,3.763,18.573,15.027,0.018,2.312,1.484,6.808,0.124,0.068
"289",2014-01-31,"AUTOS",-13.608,3.779,17.211,13.962,0.018,2.312,1.481,6.819,0.124,0.068
"290",2014-02-28,"AUTOS",150.403,15.089,-7.967,-8.012,0.021,3.654,1.46,8.907,0.125,0.084
"291",2014-03-31,"AUTOS",151.407,15.592,-5.091,-5.141,0.021,3.655,1.461,8.891,0.124,0.084
"292",2014-04-30,"AUTOS",135.922,15.63,-5.038,-5.191,0.02,3.653,1.466,8.891,0.124,0.082
"293",2014-05-31,"AUTOS",25.121,18.79,-3.012,-2.677,0.024,-5.081,1.498,6.955,0.128,-0.075
"294",2014-06-30,"AUTOS",25.662,18.149,-2.083,-1.713,0.025,-5.079,1.5,6.974,0.129,-0.075
"295",2014-07-31,"AUTOS",23.536,18.167,-1.221,-0.808,0.025,-5.079,1.498,6.975,0.129,-0.075
"296",2014-08-31,"AUTOS",16.406,16.275,1.214,2.218,0.024,3.126,1.486,6.661,0.129,0.043
"297",2014-09-30,"AUTOS",15.035,20.196,1.424,2.293,0.025,3.132,1.481,6.67,0.129,0.044
"298",2014-10-31,"AUTOS",15.996,20.176,0.634,1.643,0.025,3.133,1.483,6.665,0.129,0.043
"299",2014-11-30,"AUTOS",16.799,17.662,4.605,-10.653,0.026,2.437,1.504,6.782,0.129,0.082
"300",2014-12-31,"AUTOS",17.051,15.39,5.997,-9.857,0.026,2.442,1.503,6.86,0.129,0.082
"301",2015-01-31,"AUTOS",15.427,15.357,5.358,-7.94,0.026,2.44,1.5,6.864,0.129,0.082
"302",2015-02-28,"AUTOS",42.087,22.606,14.522,12.09,0.029,2.989,1.554,6.937,0.134,0.142
"303",2015-03-31,"AUTOS",40.93,22.39,15.028,12.644,0.03,2.99,1.551,6.906,0.135,0.142
"304",2015-04-30,"AUTOS",40.018,22.346,10.386,7.784,0.03,2.99,1.546,6.912,0.134,0.143
"305",2015-05-31,"AUTOS",-4.936,37.685,17.705,18.743,0.029,2.375,1.518,32.528,0.128,0.152
"306",2015-06-30,"AUTOS",-7.751,38.232,15.957,16.956,0.029,2.39,1.525,32.853,0.127,0.153
"307",2015-07-31,"AUTOS",-9.658,38.235,17.735,18.72,0.029,2.389,1.527,32.845,0.127,0.152
"308",2015-08-31,"AUTOS",-24.296,2.412,25.137,20.552,0.027,2.424,1.534,13.808,0.125,0.142
"309",2015-09-30,"AUTOS",-22.182,2.444,22.349,18.024,0.026,2.418,1.513,13.582,0.125,0.141
"310",2015-10-31,"AUTOS",-19.238,2.425,24.408,20.235,0.026,2.416,1.52,13.577,0.125,0.14
"311",2015-11-30,"AUTOS",2694,6.495,0.76,5.931,0.025,2.482,1.532,6.247,0.125,0.132
"312",2015-12-31,"AUTOS",2511.12,6.424,2.004,7.005,0.025,2.485,1.532,6.218,0.126,0.132
"313",2016-01-31,"AUTOS",2061.95,6.568,2.365,6.943,0.022,2.523,1.496,6.322,0.123,0.128
"314",2016-02-29,"AUTOS",9.924,-37.822,9.884,7.266,0.02,5.134,1.484,7.168,0.124,0.116
"315",2016-03-31,"AUTOS",10.584,-37.476,10.552,7.613,-1.227,4.949,1.466,7.216,0.106,0.116
"316",2016-04-30,"AUTOS",11.084,-38.128,9.914,7.003,-1.242,5.008,1.477,7.269,0.112,0.131
"317",2016-05-31,"AUTOS",9.969,0.94,-48.314,-50.33,-0.565,3.414,1.478,6.932,0.097,0.133
"318",2016-06-30,"AUTOS",9.953,2.04,-47.213,-49.05,-0.573,3.472,1.471,7.048,0.1,0.141
"319",2016-07-31,"AUTOS",10.078,2.407,-46.004,-47.968,-0.573,3.472,1.468,7.052,0.099,0.141
"320",2016-08-31,"AUTOS",10.387,5.062,-45.044,-47.393,-0.155,3.067,1.453,7.707,0.104,0.119
"321",2016-09-30,"AUTOS",10.452,5.136,-37.416,-39.674,-0.155,3.075,1.444,7.86,0.104,0.119
"322",2016-10-31,"AUTOS",9.942,5.307,-32.834,-34.106,-0.155,3.075,1.446,7.853,0.103,0.119
"323",2016-11-30,"AUTOS",12.14,14.571,-32.709,-32.857,-0.057,2.457,1.443,8.891,0.099,0.115
"324",2016-12-31,"AUTOS",12.77,14.727,-30.796,-31.114,-0.057,2.29,1.458,8.638,0.099,0.124
"325",2017-01-31,"AUTOS",13.505,14.791,-7.317,-10.016,-0.057,2.295,1.454,8.63,0.1,0.124
"326",2017-02-28,"AUTOS",11.683,7.49,9.535,8.707,-0.055,1.958,1.418,9.32,0.083,0.006
"327",2017-03-31,"AUTOS",11.292,7.814,11.516,10.617,-0.052,1.977,1.416,9.473,0.088,0.017
"328",2017-04-30,"AUTOS",5.378,7.195,14.394,14.934,-0.053,1.946,1.411,9.56,0.088,0.015
"329",2017-05-31,"AUTOS",22.854,7.89,-6.643,-6.258,-0.056,1.743,1.398,13.127,0.075,-0.066
"330",2017-06-30,"AUTOS",21.492,8.009,-6.312,-5.948,-0.056,1.733,1.397,13.107,0.075,-0.066
"331",2017-07-31,"AUTOS",38.445,9.401,-1.405,-2.134,-0.056,1.736,1.393,13.125,0.075,-0.066
"332",2017-08-31,"AUTOS",20.206,9.208,2.202,0.945,-0.098,1.487,1.349,9.257,0.075,-0.045
"333",2017-09-30,"AUTOS",21.43,9.16,7.158,5.792,-0.1,1.503,1.342,9.311,0.073,-0.05
"334",2017-10-31,"AUTOS",2.563,6.657,6.992,7.41,-0.101,1.501,1.344,9.336,0.073,-0.05
"335",2017-11-30,"AUTOS",5.561,20.971,-0.438,-0.002,-0.107,1.995,1.31,8.664,0.07,-0.034
"336",2017-12-31,"AUTOS",4.975,20.939,3.438,3.751,-0.107,1.984,1.304,8.777,0.071,-0.033
"337",2018-01-31,"AUTOS",5.934,20.933,1.802,2.174,-0.106,1.983,1.305,8.813,0.07,-0.033
"338",2018-02-28,"AUTOS",34.189,23.845,11.74,11.943,-1.551,2.51,1.407,9.631,0.057,0.077
"339",2018-03-31,"AUTOS",37.133,23.792,15.091,14.971,-1.551,2.513,1.413,9.522,0.057,0.075
"340",2018-04-30,"AUTOS",38.217,25.074,15.288,14.889,-1.581,2.551,1.419,9.654,0.059,0.077
"341",2018-05-31,"AUTOS",-22.705,4.268,-1.001,-1.368,-1.701,2.064,1.456,8.738,-0.007,-1.094
"342",2018-06-30,"AUTOS",-23.604,4.217,-4.691,-4.619,-1.701,2.063,1.461,8.775,-0.007,-1.095
"343",2018-07-31,"AUTOS",-18.89,4.22,-2.636,-2.609,-1.701,2.062,1.461,8.762,-0.007,-1.094
"344",2018-08-31,"AUTOS",19.701,5.459,-7.489,-7.358,-1.041,2.061,1.488,9.423,0.021,-0.074
"345",2018-09-30,"AUTOS",18.859,8.606,-11.191,-11.053,-1.023,2.026,1.481,9.349,0.021,-0.078
"346",2018-10-31,"AUTOS",12.092,8.583,-7.011,-6.874,-1.023,2.025,1.478,9.357,0.02,-0.079
"347",2018-11-30,"AUTOS",10.655,9.749,-12.146,-11.957,-1.098,0.981,1.409,29.383,0.049,-0.059
"348",2018-12-31,"AUTOS",8.916,9.712,-10.4,-10.247,-1.099,0.983,1.418,29.155,0.047,-0.061
"349",2019-01-31,"AUTOS",10.106,9.702,-17.407,-17.235,-1.099,0.983,1.419,29.16,0.047,-0.061
"350",2019-02-28,"AUTOS",7.571,8.58,9.143,9.591,-3.168,1.548,1.267,12.072,0.031,0.128
"351",2019-03-31,"AUTOS",7.94,8.589,6.159,6.556,-3.167,1.548,1.262,12.13,0.031,0.129
"352",2019-04-30,"AUTOS",9.139,8.584,6.763,7.189,-3.167,1.547,1.262,12.126,0.031,0.129
"353",2019-05-31,"AUTOS",7.702,7.773,-91.27,-90.699,-3.628,1.359,1.268,13.172,0.04,-0.356
"354",2019-06-30,"AUTOS",8.78,7.765,-102.68,-102.02,-3.629,1.365,1.267,13.114,0.04,-0.357
"355",2019-07-31,"AUTOS",8.767,7.76,-104.99,-104.19,-3.629,1.364,1.267,13.109,0.04,-0.357
"356",2019-08-31,"AUTOS",7.763,5.645,-34.591,-33.226,-15.646,1.49,1.23,9.933,0.044,-0.533
"357",2019-09-30,"AUTOS",9.436,5.817,-30.786,-30.542,-15.646,1.464,1.226,9.876,0.048,-0.53
"358",2019-10-31,"AUTOS",9.668,5.818,-22.498,-22.198,-15.646,1.462,1.229,9.823,0.048,-0.53
"359",2019-11-30,"AUTOS",10.25,51.548,-4.927,-4.569,-8.661,1.438,1.213,16.223,0.062,-0.531
"360",2019-12-31,"AUTOS",12.916,51.585,-7.032,-6.66,-8.661,1.433,1.213,16.239,0.061,-0.53
"361",2020-01-31,"AUTOS",11.872,51.606,-8.384,-8.03,-8.661,1.435,1.212,16.244,0.061,-0.531
"362",2020-02-29,"AUTOS",9.349,13.975,12.94,11.751,-2.182,2.393,1.258,10.472,0.076,0.016
"363",2020-03-31,"AUTOS",6.966,14.029,9.52,8.539,-2.182,2.4,1.257,10.46,0.076,0.016
"364",2020-04-30,"AUTOS",7.965,14.043,9.894,8.813,-2.182,2.4,1.259,10.449,0.076,0.016
"365",2020-05-31,"AUTOS",8.701,10.718,-18.908,-21.775,-5.478,0.77,1.243,8.209,0.067,-0.104
"366",2020-06-30,"AUTOS",6.385,10.74,-57.858,-63.129,-5.589,0.749,1.219,8.268,0.065,-0.11
"367",2020-07-31,"AUTOS",5.243,10.84,-99.475,-105.03,-5.589,0.75,1.222,8.239,0.064,-0.112
"368",2020-08-31,"AUTOS",7.579,2.223,-52.225,-53.716,-15.209,3.408,1.245,7.785,0.042,-0.2
"369",2020-09-30,"AUTOS",7.247,2.412,-82.874,-84.495,-15.209,3.403,1.252,7.781,0.041,-0.2
"370",2020-10-31,"AUTOS",10.243,2.416,-56.185,-57.621,-15.209,3.406,1.263,7.739,0.041,-0.2
"371",2020-11-30,"AUTOS",6.014,22.841,-82.128,-88.499,-5.946,1.435,1.328,10.023,0.039,-0.205
"372",2020-12-31,"AUTOS",8.588,22.806,-49.534,-56.508,-6.034,1.37,1.307,10.208,-0.171,-0.173
"373",2021-01-31,"AUTOS",6.02,22.738,-83.875,-91.298,-6.034,1.369,1.303,10.232,-0.17,-0.172
"374",2021-02-28,"AUTOS",3.557,0.166,11.545,11.395,-72.905,-0.401,8.292,8.347,0.066,-0.027
"375",2021-03-31,"AUTOS",3.958,0.091,12.923,12.771,-72.905,-0.401,8.293,8.321,0.066,-0.026
"376",2021-04-30,"AUTOS",3.157,0.059,14.195,13.767,-72.905,-0.401,8.295,8.313,0.067,-0.025
"377",2021-05-31,"AUTOS",6.473,3.099,-147.52,-147.45,-479.52,-0.144,6.857,8.244,0.038,0.014
"378",2021-06-30,"AUTOS",-3.25,2.964,-181.24,-181.17,-488.4,-0.174,6.946,8.43,0.037,0.014
"379",2021-07-31,"AUTOS",-2.528,2.605,-159.8,-159.72,-479.54,-0.101,6.826,6.645,0.041,0.016
"380",2021-08-31,"AUTOS",8.348,2.395,-261.64,-300.72,-8956.9,0.005,5.111,10.45,0.057,0.02
"381",2021-09-30,"AUTOS",11.491,2.197,-391.1,-464.5,-8956.9,-0.02,4.991,10.412,0.03,-0.039
"382",2021-10-31,"AUTOS",7.173,1.6,-419.77,-429.54,-8797.3,-0.011,4.957,10.298,-0.011,-0.076
"383",2021-11-30,"AUTOS",-39.259,5.183,-177.46,-179.31,-11925,-0.812,4.615,6.91,-0.068,-0.007
"384",2021-12-31,"AUTOS",-36.124,5.155,-156.04,-157.8,-11925,-0.813,4.616,6.959,-0.067,-0.005
"385",2022-01-31,"AUTOS",-30.807,4.991,-146.18,-147.03,-11764,-0.793,4.618,6.856,-0.071,-0.005
"386",2022-02-28,"AUTOS",42.521,-3.139,14.293,13.558,-111.23,3.867,4.15,26.948,-0.021,-0.454
"387",2022-03-31,"AUTOS",48.68,-3.147,14.635,13.363,-111.23,3.869,4.149,26.934,-0.021,-0.453
"388",2022-04-30,"AUTOS",40.327,-2.874,13.371,13.008,-113.08,3.914,4.191,27.339,-0.019,-0.455
"389",2022-05-31,"AUTOS",39.118,6.648,-159.9,-152.07,-109.39,117.91,4.19,6.083,-0.024,-0.4
"390",2022-06-30,"AUTOS",32.639,6.809,-118.21,-112.95,-111.2,119.369,4.251,6.077,-0.02,-0.228
"391",2022-07-31,"AUTOS",46.873,6.793,-148.8,-145.76,-111.2,119.369,4.249,6.094,-0.02,-0.228
"392",2022-08-31,"AUTOS",25.544,12.017,-52.267,-51.734,-130.68,-1.353,3.915,6.471,-0.052,-0.135
"393",2022-09-30,"AUTOS",24.277,11.729,-43.743,-43.221,-130.74,-1.414,4.079,6.297,-0.056,-0.144
"394",2022-10-31,"AUTOS",21.942,11.72,-33.723,-32.911,-130.74,-1.414,4.075,6.301,-0.056,-0.145
"395",2022-11-30,"AUTOS",10.798,3.09,-42.634,-42.521,-144.37,4.584,3.536,8.764,-0.069,-0.165
"396",2022-12-31,"AUTOS",9.617,3.001,-41.562,-41.58,-146.81,5.765,3.58,8.385,-0.072,-0.146
"397",2023-01-31,"AUTOS",11.076,3.009,-52.132,-51.86,-146.81,5.765,3.581,8.377,-0.073,-0.147
"398",2023-02-28,"AUTOS",-3.982,7.136,6.079,6.108,-57.484,2.301,2.348,8.963,-0.089,-0.45
"399",2023-03-31,"AUTOS",-3.506,7.143,9.739,9.63,-57.484,2.299,2.348,8.945,-0.089,-0.451
"400",2023-04-30,"AUTOS",-3.057,7.151,9.305,8.904,-57.484,2.298,2.349,8.929,-0.09,-0.452
"401",2023-05-31,"AUTOS",19.074,9.486,-33.249,-34.118,-40.486,6.962,2.593,8.503,-0.286,-1.729
"402",2023-06-30,"AUTOS",21.979,9.468,-33.75,-34.063,-40.486,6.962,2.592,8.484,-0.286,-1.73
"403",2023-07-31,"AUTOS",23.112,9.338,-40.225,-39.96,-39.797,6.866,2.561,8.497,-0.278,-1.696
"404",2023-08-31,"AUTOS",11.826,3.35,-24.512,-21.831,-74.236,18.886,2.19,7.558,-0.187,-0.908
"405",2023-09-30,"AUTOS",13.672,3.463,-13.182,-13.165,-70.403,18.897,2.145,7.716,-0.176,-0.882
"406",2023-10-31,"AUTOS",10.278,3.599,-10.56,-9.933,-71.575,19.184,2.159,7.824,-0.175,-0.883
"407",2023-11-30,"AUTOS",22.107,4.519,-8.779,-8.428,-85.899,-7.048,2.03,9.372,-0.133,-0.831
"408",2023-12-31,"AUTOS",21.32,4.49,-5.893,-5.277,-85.899,-7.05,2.03,9.334,-0.133,-0.831
"409",2024-01-31,"AUTOS",21.314,4.502,-3.147,-3.361,-85.899,-7.05,2.029,9.328,-0.133,-0.831
"410",2024-02-29,"AUTOS",15.848,24.98,10.62,10.81,-59.827,0.694,1.59,14.956,-0.04,-0.115
"411",2024-03-31,"AUTOS",16.741,25.466,10.264,10.868,-60.765,1.04,1.606,15.036,-0.035,-0.107
"412",2024-04-30,"AUTOS",15.099,25.045,9.621,10.123,-59.81,1.031,1.615,14.758,-0.039,-0.113
"413",2024-05-31,"AUTOS",15.226,5.104,-7.004,-6.968,-48.53,1.09,1.729,9.025,-0.037,-0.201
"414",2024-06-30,"AUTOS",16.018,6.408,-5.619,-5.584,-48.528,1.119,1.681,9.157,-0.031,-0.183
"415",2024-07-31,"AUTOS",17.552,6.559,-5.227,-5.204,-49.127,1.33,1.709,9.153,-0.023,-0.183
"416",2024-08-31,"AUTOS",13.02,6.183,-4.083,-4.362,-73.236,1.316,1.626,10.786,-0.023,-0.129
"417",2024-09-30,"AUTOS",12.723,6.22,-0.064,-3.074,-73.235,1.314,1.631,10.752,-0.023,-0.129
"418",2024-10-31,"AUTOS",11.488,6.25,1.621,-0.131,-73.236,1.316,1.631,10.754,-0.024,-0.13
"419",2024-11-30,"AUTOS",21.39,6.174,7.757,7.737,-22.602,1.227,1.554,25.919,-0.027,-0.054
"420",2024-12-31,"AUTOS",19.928,6.201,7.375,7.353,-22.602,1.222,1.55,25.921,-0.027,-0.053
